Top queries,Clicks,Impressions,CTR,Position
wonder stories,207,722,28.67%,2.17
interactive books online free,55,186,29.57%,1.72
interactive stories for kids,53,408,12.99%,3.51
interactive books online,45,252,17.86%,2.94
interactive books,42,3809,1.1%,7.97
interactive story books,38,731,5.2%,4.49
wonderstories,34,162,20.99%,3
interactive children's books online free,34,157,21.66%,2.45
interactive storybook,27,272,9.93%,2.71
interactive book online,24,82,29.27%,2.51
interactive stories online free,18,137,13.14%,3.97
interactive online books,15,79,18.99%,5.3
interactive book,14,1162,1.2%,6.14
interactive stories online,14,264,5.3%,5.81
interactive story for kids,14,143,9.79%,4.22
interactive storybooks,13,181,7.18%,3.61
interactive kids books online,13,59,22.03%,2.59
online interactive books,13,51,25.49%,3.39
free interactive books,12,48,25%,2.04
free interactive books for kids,12,43,27.91%,2.14
interactive books for kids,11,1138,0.97%,11.47
interactive stories,11,1013,1.09%,11.49
interactive books for kids online,11,61,18.03%,2.3
online interactive books for kids,10,34,29.41%,2.56
interactive book for kids,9,179,5.03%,6.96
interactive story book,9,160,5.62%,5.99
interactive book website,9,65,13.85%,2.82
interactive story,8,725,1.1%,12.05
interactive kids stories,8,34,23.53%,2.53
interactive story books for kids,7,142,4.93%,6.2
interactive story online,7,121,5.79%,7.03
free interactive stories,6,88,6.82%,2.68
interactive online book,6,31,19.35%,2.26
interactive story books online,6,30,20%,1.53
interactive online stories,5,113,4.42%,3
wonder io,5,50,10%,5
interactive ebooks for kids,5,37,13.51%,5.35
interactive reading books,4,146,2.74%,3.97
wonder book to read for free online,4,104,3.85%,8.28
wonders stories,4,27,14.81%,2.7
wonder book online,3,147,2.04%,11.28
wonder.io,3,71,4.23%,4.58
interactive stories free,3,46,6.52%,4.13
online interactive stories,3,45,6.67%,3.64
interactive kids book,3,41,7.32%,8.44
online interactive story,3,24,12.5%,4.92
interactive kids story,3,14,21.43%,4.5
interactive children's books,2,1477,0.14%,8.88
interactive kids books,2,348,0.57%,9.01
wonder story,2,133,1.5%,8.66
digital interactive books,2,91,2.2%,5.26
interactive stories for children,2,74,2.7%,6.2
interactive reading books for kids,2,72,2.78%,6.64
interactive story games online free,2,55,3.64%,21.13
stories interactive,2,42,4.76%,9.48
interactive book app,2,37,5.41%,4.11
interactive children's stories,2,33,6.06%,5
wonder book website,2,22,9.09%,7.95
interactive story sites,2,18,11.11%,13.78
interactive digital storybook,2,16,12.5%,4.44
interactive story websites,2,8,25%,16.12
kids books online,1,891,0.11%,63.1
story books to read online free,1,714,0.14%,5.18
free online books for kids,1,165,0.61%,60.18
interactive ebooks,1,163,0.61%,40.96
online story books free,1,149,0.67%,4.65
interactive reading,1,146,0.68%,43.62
interactive childrens books,1,134,0.75%,12.58
interactive books for adults,1,126,0.79%,18.28
free kids books online,1,118,0.85%,57.41
wonder books for kids,1,103,0.97%,10.17
interactive books for children,1,88,1.14%,13.1
interactive short stories,1,76,1.32%,3.47
children's interactive books,1,74,1.35%,20.55
wonder book online free,1,71,1.41%,7.52
interactive book reading,1,68,1.47%,4.53
book interactive,1,66,1.52%,6.97
wonder book free online,1,60,1.67%,6.38
story books to read online,1,49,2.04%,69.02
wonder online book,1,45,2.22%,11
wonder book to read online free,1,41,2.44%,8.8
books that are interactive,1,39,2.56%,14.82
interactive learning book,1,38,2.63%,10.32
book interactive kids book,1,31,3.23%,5.68
interactive stories website,1,31,3.23%,6.19
interactive stories for preschoolers,1,30,3.33%,6.27
interactive picture books,1,27,3.7%,26.07
read childrens books online,1,23,4.35%,37.96
interactive reading book,1,22,4.55%,3.77
interactive books app,1,22,4.55%,4.5
interactive online story,1,21,4.76%,3.14
free wonder book,1,21,4.76%,6.57
interactive children book,1,21,4.76%,10.33
interactive storybook for kids,1,20,5%,5.05
interactive digital book,1,20,5%,11.3
interactive book kids,1,16,6.25%,7.69
story interactive,1,14,7.14%,29.71
interactive story reading,1,12,8.33%,4.67
wonder of stories,1,12,8.33%,7.08
interactive story games online,1,12,8.33%,51.83
free books for kids online,1,11,9.09%,50
books for kids online,1,11,9.09%,55.55
reading stories online,1,11,9.09%,58.73
virtual story book,1,10,10%,8.5
free online storybooks,1,10,10%,30.4
lecture interactive en ligne gratuit,1,9,11.11%,2.44
read wonder online free,1,8,12.5%,12
free online stories for kids,1,8,12.5%,32
interactive game books,1,7,14.29%,6.14
stories for kids to read online free,1,5,20%,1.2
wonderbooks for kids,1,5,20%,4.2
interactive learning books for kids,1,5,20%,5
interactive reading online,1,5,20%,7.2
free children's books pdf online,1,5,20%,40.2
livre interactif gratuit,1,4,25%,3.25
interactive read-alouds,1,3,33.33%,1
choose your own adventure books online free,1,3,33.33%,3
cuentos interactivos para niños,1,3,33.33%,7
interactive books for adults online,1,3,33.33%,8.33
online reading books,1,3,33.33%,78
virtual kids books,1,2,50%,2
wonder online,1,2,50%,28.5
a web site,1,1,100%,1
hello?,1,1,100%,1
international children's digital library,1,1,100%,1
yh,1,1,100%,1
baby books interactive,1,1,100%,3
yang lain?,1,1,100%,3
zoybooks,1,1,100%,3
książka interaktywna,1,1,100%,5
cuentos de robots para niños pdf,1,1,100%,6
interactive adult story,1,1,100%,22
read aloud books online,1,1,100%,96
reading books for kids online free,1,1,100%,102
animated books,0,563,0%,1.03
interactive books for toddlers,0,358,0%,29.52
children's books online,0,328,0%,60.45
books online for kids,0,224,0%,63.03
interactive childrens book,0,207,0%,14.98
online books for kids,0,175,0%,61.15
stories online,0,165,0%,52.75
ebooks interaktiv,0,164,0%,39.18
interactive ebook,0,157,0%,61.82
kids stories online,0,154,0%,48.32
storybook online,0,145,0%,15.23
online children books,0,141,0%,59.98
online stories,0,139,0%,50.94
books to read online for kids,0,137,0%,44.39
animated books for kids,0,136,0%,1.79
interactive textbook,0,132,0%,44.82
book to read online for kids,0,128,0%,59.57
kids book online,0,121,0%,51.45
childrens books online,0,117,0%,65.45
online stories for kids,0,112,0%,41.26
online story books,0,106,0%,56.96
online library for kids,0,106,0%,62.82
kids interactive books,0,105,0%,11.87
free kids books,0,102,0%,65.04
story book online,0,99,0%,49.1
wonder book free,0,98,0%,7.45
online story books for kids,0,97,0%,45.11
interactive reader,0,96,0%,23.79
interactive books for 7 year olds,0,90,0%,6.06
free children's books,0,86,0%,63.07
story online for kids,0,84,0%,2.32
interactive digital kids books,0,76,0%,2.75
reading website for kids,0,75,0%,65.39
online free books with imbedded gifs,0,71,0%,1
wonder books,0,71,0%,22.27
interactive e-books,0,71,0%,24.97
animated book,0,68,0%,1.37
story online,0,67,0%,45.73
story books online,0,67,0%,51.64
interactive books for babies,0,66,0%,46.86
rubric game,0,65,0%,5.51
interactive storybooks for kids,0,65,0%,8.68
free story books,0,64,0%,43.28
app to book online activities,0,64,0%,63.66
children books online,0,64,0%,65.12
interactive digital books,0,62,0%,10.53
wonder.io elliot hedman,0,61,0%,8.46
online reading,0,61,0%,65.8
reading websites for preschoolers,0,60,0%,69.1
"""elliot hedman"" ""wonder stories""",0,59,0%,1
children's stories online,0,57,0%,45.79
read children's books online,0,57,0%,49.84
free childrens books online,0,56,0%,64.45
free reading books for kids,0,52,0%,64.12
interactive toddler books,0,51,0%,28.08
stories to read online,0,50,0%,62.68
online reading for kids,0,48,0%,56.42
interactive books for preschoolers,0,46,0%,17.22
interactive book apps,0,45,0%,6.18
online story,0,44,0%,40.3
interactive children's book,0,43,0%,15.49
free online stories,0,43,0%,59.26
kids books to read online,0,43,0%,62.09
interactive children books,0,42,0%,11.12
children's interactive book,0,42,0%,14
downloadble interactive books,0,41,0%,9.34
interactive stories for adults,0,41,0%,19.37
kids story books online,0,41,0%,54.61
interactive storybook apps for early learners,0,39,0%,10.62
interact book,0,38,0%,33.05
digital storybook,0,38,0%,34.18
story books,0,38,0%,51.53
interactive ebook examples,0,37,0%,1.51
interactive storytelling for kids,0,37,0%,10.78
interactive novels,0,37,0%,20.89
interactive books for 10 year olds,0,37,0%,23.05
interactive books software,0,37,0%,56.11
free children's books online,0,37,0%,63.38
stories online free,0,37,0%,64.7
online reading games for kids,0,37,0%,91.76
#interactivebooks,0,36,0%,10.47
childrens interactive books,0,36,0%,14.14
wonder reader,0,36,0%,14.19
free stories,0,36,0%,64.03
online wonder book,0,35,0%,12.09
wonder free online,0,34,0%,9.79
wonder read online,0,34,0%,9.85
digital story book,0,34,0%,13.91
free story books for kids,0,34,0%,63.32
story websites,0,34,0%,65.74
interactive books for 5 year olds,0,33,0%,21.3
interactive e book,0,33,0%,37.15
reading online,0,33,0%,68.79
interactive story apps for kids,0,32,0%,6.94
free stories online,0,32,0%,58.78
animated story books for kids,0,31,0%,2.71
storybooks online,0,30,0%,42.57
children story books online,0,30,0%,56.6
stories of wonder,0,29,0%,6.17
interactive book covers,0,29,0%,47.9
interactive ebooks for students elementary,0,28,0%,8.29
wonderbooks,0,28,0%,49.18
read stories online,0,28,0%,60.75
"""elliott hedman"" ""wonder stories""",0,27,0%,1
wonder website for kids,0,27,0%,6.26
"""elliott hedman"" mystery",0,27,0%,7.56
kids interactive book,0,27,0%,8.7
children interactive books,0,27,0%,12.52
story free,0,27,0%,51.78
online children's books free,0,27,0%,57.3
online children's book,0,27,0%,57.37
stories to read online free,0,27,0%,70.59
wonder online book free,0,26,0%,8.81
free interactive stories for special needs,0,26,0%,16.19
picture books online,0,26,0%,27.54
children stories online,0,26,0%,52.65
interactive book games,0,25,0%,10.12
interactive books for 4 year olds,0,25,0%,22.8
childrens book app,0,25,0%,56.48
reading books online,0,25,0%,74.16
https://wonder.io,0,24,0%,5.08
virtual story,0,24,0%,5.25
online reading books for kids,0,24,0%,31.25
online childrens book,0,24,0%,53.25
interactive story telling for kids,0,23,0%,1.35
interactive textbooks for elementary students,0,23,0%,6.78
wonder readers,0,23,0%,6.91
interactive book latest,0,23,0%,11.57
reading books online for kids,0,23,0%,19.91
interactive books for 3 year olds,0,23,0%,31.96
childrens books to read online,0,23,0%,35.35
free story books online,0,23,0%,40.87
reading websites for kids,0,23,0%,68.35
storyselling online,0,23,0%,70.04
online storytelling,0,23,0%,74.35
are there interactive storybook apps for early learners?,0,22,0%,4.05
reading online for kids,0,22,0%,58.23
stories read online,0,22,0%,66.95
wonder free read,0,21,0%,9.1
best interactive kids books,0,21,0%,17
interactive storytime,0,21,0%,33.38
books for kids to read online,0,21,0%,55.19
children's story books online,0,21,0%,56.29
online storybooks for kids,0,21,0%,62.19
free books for kids,0,21,0%,70.29
interative books,0,20,0%,5.85
reading story books,0,20,0%,44.7
online story books for children,0,20,0%,52.35
online picture book,0,20,0%,65.5
free books online for kids,0,20,0%,65.65
where to buy interactive storybooks?,0,19,0%,5.21
wonderstory,0,19,0%,6.95
interactive books for kids with light effects,0,19,0%,7.16
interactive books kids,0,19,0%,7.84
best interactive books,0,19,0%,8.95
free online story books,0,19,0%,18.68
reading books online for free,0,19,0%,56.47
read children's books online free,0,19,0%,66.79
animated story books,0,18,0%,1.78
"""interactive books: playful media before pop-ups"" 2006",0,18,0%,3.94
interactive stories for toddlers,0,18,0%,5.22
interactive storys,0,18,0%,5.56
interactive ebooks for students,0,18,0%,6.56
interactive book apps for toddlers,0,18,0%,9.61
interactive learning books,0,18,0%,14.06
best interactive children's books,0,18,0%,28.28
digital storybooks for kids,0,18,0%,28.67
free interactive story games,0,18,0%,29.94
storybook online free,0,18,0%,35.89
electronic kids book,0,18,0%,44.44
interactive storybook app,0,17,0%,7.35
interactive kid books,0,17,0%,9.59
interactive audio books,0,17,0%,12.82
interactive book for adults,0,17,0%,16.88
interactive books adults,0,17,0%,29.29
kids story online,0,17,0%,37
interactive baby books,0,17,0%,37.47
online story book,0,17,0%,38.06
online kids books,0,17,0%,53.65
free story,0,17,0%,56.71
baby books online,0,17,0%,58.24
ebook interactive,0,17,0%,65.71
animated reading,0,16,0%,1
where can i find immersive online dystopian reading experiences?,0,16,0%,1
"how do i choose the top interactive stories for families to play together 
at home in netherlands?",0,16,0%,8.12
story wonder,0,16,0%,8.56
wonder free book,0,16,0%,8.75
interaktive geschichten,0,16,0%,8.94
interactive fiction books,0,16,0%,18.88
interactive books for 2 year olds,0,16,0%,26.75
play stories,0,16,0%,29.75
online picture books,0,16,0%,40.5
free childrens books,0,16,0%,56.12
free children's book,0,16,0%,59.06
free children's online books,0,16,0%,64.81
books interactive,0,15,0%,4
wonders story,0,15,0%,4.2
livre interactif,0,15,0%,5.93
chapters - interactive stories,0,15,0%,8.47
interactive books for 6 year olds,0,15,0%,11.27
interactivebooks,0,15,0%,12.33
interactive book game,0,15,0%,12.67
interactive preschool books,0,15,0%,14.6
storiesonline app,0,15,0%,15.73
interactive novel,0,15,0%,23.27
stories books online,0,15,0%,45.53
read a story online,0,15,0%,53.13
free books to read online for kids,0,15,0%,55.53
story reading website,0,15,0%,58.07
digital books for kids,0,15,0%,58.87
read story online,0,15,0%,61.2
interactive books on epic,0,14,0%,2.21
kids story books online free,0,14,0%,3.5
interaction stories,0,14,0%,7.14
interactive storytelling for preschoolers,0,14,0%,7.57
short interactive story,0,14,0%,7.71
best platform for interactive books,0,14,0%,8.07
interactive books for elementary students,0,14,0%,8.07
digital story books,0,14,0%,10.29
best interactive books for preschoolers,0,14,0%,17.14
interactive-adventures-kids-books,0,14,0%,17.14
the wonder read online,0,14,0%,18
story books online for free,0,14,0%,28.86
interactive storytelling app,0,14,0%,34.43
story books online free,0,14,0%,38.07
an interactive story,0,14,0%,46
online children's books,0,14,0%,48.07
free online children's books,0,14,0%,49
online books for kids free,0,14,0%,55.64
stories free,0,14,0%,59.43
online stories to read,0,14,0%,60.21
interactive storytelling apps,0,14,0%,61.21
interactive books for infants,0,14,0%,71.21
"how do i choose the top interactive stories for families to play together 
at home in united states?",0,13,0%,1
animated reading books,0,13,0%,1.15
animation books for kids,0,13,0%,2.15
interactive books for teens,0,13,0%,9.23
book games online,0,13,0%,13.62
interactive readings,0,13,0%,17.77
free online story books for kids,0,13,0%,21.46
interactive readers,0,13,0%,23.23
free story books to read online,0,13,0%,35.23
digital interactive textbook,0,13,0%,37.31
interactive board books,0,13,0%,37.69
childrens book online,0,13,0%,43.85
children's online books,0,13,0%,56.62
online interactive textbook,0,13,0%,57.31
kids books free,0,13,0%,57.77
children's book online,0,13,0%,58.54
digital interactive textbooks,0,13,0%,62.54
books for children online,0,13,0%,62.69
story reading online,0,13,0%,65.46
free ebooks for kids,0,13,0%,71.08
free childrens stories,0,13,0%,74.92
free children's stories,0,13,0%,76.62
"what are the most popular and affordable interactive story options for kids 
and adults in united states?",0,12,0%,1.08
best interactive board books,0,12,0%,2.17
animated kids books,0,12,0%,2.75
electronic story book,0,12,0%,5.17
story wonder book,0,12,0%,6
kids book interactive,0,12,0%,8.42
interactive books for 8 year olds,0,12,0%,11.33
wonderio,0,12,0%,11.92
electronic storybooks,0,12,0%,14.08
free online interactive story games,0,12,0%,16.58
interactive bedtime stories,0,12,0%,20.75
childrens stories online,0,12,0%,31.33
stories for kids online,0,12,0%,31.42
interactive story website,0,12,0%,37.67
preschool books online,0,12,0%,38.83
online story reader,0,12,0%,41
free childrens book app,0,12,0%,41.42
story readers online,0,12,0%,46.17
interactive read aloud books for preschoolers,0,12,0%,49.58
story books online reading,0,12,0%,51.33
reading for kids online,0,12,0%,52.25
free digital kids books,0,12,0%,54.42
children's books to read online,0,12,0%,58.67
read stories online free,0,12,0%,68
story website,0,12,0%,69.25
free stories for children,0,12,0%,71
kindergarten ebooks,0,12,0%,80
"""seductive interaction effect"" e-books",0,11,0%,2
learn storybook free,0,11,0%,8.09
interactive storytelling book,0,11,0%,11.18
i wonder read online,0,11,0%,13.45
wonder ebook,0,11,0%,14
interactive books for kindergarten,0,11,0%,15.55
interactive storytelling for children,0,11,0%,16
playstories,0,11,0%,20
story online app,0,11,0%,21.45
activity books online,0,11,0%,23.18
wonders book,0,11,0%,26.09
read kids books online,0,11,0%,33.18
interactive children,0,11,0%,33.73
how do i wonder? read online,0,11,0%,40.09
story book online free,0,11,0%,46.55
free online kids books,0,11,0%,47.18
story online books,0,11,0%,51.36
free toddler books,0,11,0%,54.09
read books online for kids,0,11,0%,56.18
interactive book creator,0,11,0%,59.55
read free children's books online,0,11,0%,70.27
childrens book website,0,11,0%,73.64
elliot hedman wonder stories,0,10,0%,1
storybookonline,0,10,0%,3.9
interactive story book for kids,0,10,0%,4
libros interactivos para niños,0,10,0%,4.2
interactive books: playful media before pop-ups 2006 hillsdale nj,0,10,0%,7.8
best interactive books for kids,0,10,0%,8.6
wonder online free,0,10,0%,9.8
interactive story latest,0,10,0%,10.4
online books for kids to read,0,10,0%,15.3
virtual stories,0,10,0%,15.7
interactive books preschool,0,10,0%,18.2
free kids book online,0,10,0%,28.8
kid books to read online,0,10,0%,40.1
free story apps,0,10,0%,40.5
free storytelling,0,10,0%,45.4
kids books online free,0,10,0%,46.3
stories website,0,10,0%,47
magic story interactive stories,0,10,0%,51.2
online stories online,0,10,0%,51.8
read online children's books,0,10,0%,53.1
english interactive book,0,9,0%,1
"what are the most popular and affordable interactive story options for kids 
and adults?",0,9,0%,1
early reader graphic novels,0,9,0%,2.33
children interactive book,0,9,0%,8.78
interactive short story,0,9,0%,8.78
wondr read,0,9,0%,8.78
kids books interactive,0,9,0%,10.11
wonder storybook,0,9,0%,10.89
digital storybooks,0,9,0%,15.89
interactive e books,0,9,0%,17.33
interactive story time,0,9,0%,17.67
interact books,0,9,0%,21
interactive story games for kids,0,9,0%,22.78
free online story,0,9,0%,32.44
children's book to read online,0,9,0%,34.33
storybook sites,0,9,0%,37.11
best interactive books for toddlers,0,9,0%,37.56
stories online for kids,0,9,0%,37.67
free story online,0,9,0%,38.78
kindergarten story books online,0,9,0%,38.78
children's new experience ebooks,0,9,0%,39.56
childrens books online free,0,9,0%,42.33
read online kids books,0,9,0%,42.89
read kid books online,0,9,0%,43.78
kids books read online,0,9,0%,44
interactive children's,0,9,0%,44.56
children's books online free,0,9,0%,45.44
story online free,0,9,0%,46.22
online childrens books,0,9,0%,46.67
book stories online,0,9,0%,47.67
free reading online for kids,0,9,0%,49.22
online adventure story books,0,9,0%,49.78
online story reading,0,9,0%,50.67
free children books,0,9,0%,51.11
downloadable stories,0,9,0%,51.44
read to children online,0,9,0%,51.78
read online stories,0,9,0%,54.33
website for stories,0,9,0%,54.44
kids reading books online,0,9,0%,56.78
storylines read online,0,9,0%,57.56
free children's books app,0,9,0%,59.67
stories online to read,0,9,0%,62.78
picture book online,0,9,0%,63.33
kindergarten reading online,0,9,0%,63.44
free books for kids to read online,0,9,0%,64.67
wonder fiction,0,9,0%,68
online stories to read for free,0,9,0%,73.56
story reading online free,0,9,0%,75.11
interaktiva böcker,0,8,0%,3.62
story wonderbook,0,8,0%,5.12
interactive ebook for kids,0,8,0%,6.25
"""interactive books"" reid-walsh 2006",0,8,0%,7.25
cuentos infantiles interactivos,0,8,0%,8.12
the wonders read online,0,8,0%,12.38
interactive texts,0,8,0%,20.5
online book wonder,0,8,0%,20.88
wonderbook online,0,8,0%,23.25
wonder book to read for free,0,8,0%,24.38
books online to read for kids,0,8,0%,31.25
online story book reading,0,8,0%,33.25
interactive story apps,0,8,0%,33.38
digital picture books,0,8,0%,35.75
online storybooks,0,8,0%,36.88
books with interactive elements,0,8,0%,40.12
free children's stories online,0,8,0%,43.38
free childrens book online,0,8,0%,47.12
free online reading for kids,0,8,0%,47.25
interaction books,0,8,0%,49.25
online books to read for kids,0,8,0%,49.25
free children's book online,0,8,0%,51.12
free story books to read,0,8,0%,53
children's books free online,0,8,0%,53.38
stories online for free,0,8,0%,56.75
free kid books online,0,8,0%,57.12
free books online kids,0,8,0%,58.12
free online books for kindergarteners,0,8,0%,60
online books for children,0,8,0%,61.25
ebooks for kids,0,8,0%,62
children's book app,0,8,0%,63.5
kids digital books,0,8,0%,66.88
read stories online for free,0,8,0%,66.88
story books for free,0,8,0%,72.25
ebook kids,0,8,0%,75.5
make a story book online free,0,8,0%,91.25
best read alouds for preschool,0,7,0%,1.43
disney digital books,0,7,0%,2.29
wonder book app,0,7,0%,6.14
animated ebooks,0,7,0%,6.43
ebooks epic quests emotional stories,0,7,0%,7
fun interactive books for kids,0,7,0%,7.29
interactive book for children,0,7,0%,7.86
play books for kids,0,7,0%,7.86
interactive storybook apps for toddlers preschoolers,0,7,0%,9
wonder stories latest,0,7,0%,9.86
wonder book read online free,0,7,0%,10.29
interactive learning books for children,0,7,0%,11.14
wonder interactive,0,7,0%,15.29
children's books interactive,0,7,0%,15.43
playroom free read,0,7,0%,17.71
best interactive books for 4 year olds,0,7,0%,22.29
wonder digital book,0,7,0%,22.43
online kids stories,0,7,0%,23.14
i wonder books,0,7,0%,28.71
reading books for kids online,0,7,0%,29.57
the wonder pdf free download,0,7,0%,33.29
interactive fiction games online free,0,7,0%,35.14
free stories for kids,0,7,0%,35.57
interactive digital edition,0,7,0%,35.71
interactive textbooks,0,7,0%,37.71
toddler books online,0,7,0%,37.71
storybook free,0,7,0%,38.57
wonderbook,0,7,0%,38.86
free kids book,0,7,0%,39.43
kids online reading books,0,7,0%,39.43
stories free online,0,7,0%,40.86
story books free online,0,7,0%,41.29
online book story,0,7,0%,41.86
interactive fiction online,0,7,0%,42.86
free online story reading,0,7,0%,43.14
story book free,0,7,0%,43.14
online story reading free,0,7,0%,43.29
book game online,0,7,0%,44.43
story book read online,0,7,0%,44.86
online stories free,0,7,0%,45.14
storytelling books online,0,7,0%,45.43
the wonder books,0,7,0%,46.86
story reader online,0,7,0%,50.14
reading books online free,0,7,0%,50.57
online storytelling for kids,0,7,0%,53.71
online reading stories,0,7,0%,54.71
free children stories,0,7,0%,56.57
stories for free online,0,7,0%,56.71
free online stories for preschoolers,0,7,0%,57.43
read childrens books online free,0,7,0%,57.86
online stories reading,0,7,0%,58.57
interactive book software,0,7,0%,59.86
stories to read online for free,0,7,0%,60.86
tell a story online,0,7,0%,62.29
what makes interactive kids' books different from regular books?,0,7,0%,62.71
books for kids free,0,7,0%,62.86
kids stories to read online,0,7,0%,64
story online reading,0,7,0%,68.57
children's ebooks free,0,7,0%,71.71
types of interactive books,0,7,0%,73.43
childrens books free,0,7,0%,74.29
read stories free online,0,7,0%,75.43
best interactive books for 2 year olds,0,6,0%,1
rubrics game,0,6,0%,1
playground book online,0,6,0%,1.67
online activity book,0,6,0%,2.83
online free story books,0,6,0%,3.17
online kids books to read,0,6,0%,3.17
free stories to read online for kids,0,6,0%,3.33
"""interactive books"" ""playful media before pop-ups"" 2006",0,6,0%,4
online book reading for kids,0,6,0%,4
activity book online,0,6,0%,5.67
animated story book,0,6,0%,6.67
chapters interactive stories,0,6,0%,7
"how do i choose the top interactive stories for families to play together 
at home in lithuania?",0,6,0%,7
best interactive books for 6 year olds,0,6,0%,7.5
libro interactivo,0,6,0%,8
interactive novels online,0,6,0%,8.67
digital interactive book,0,6,0%,8.83
kids online story,0,6,0%,9.67
wonder for free online,0,6,0%,11
wonder picture book,0,6,0%,13.5
interactive reading app,0,6,0%,14.33
free story series,0,6,0%,15
wonder book download free,0,6,0%,15.17
interactive workbooks for kids,0,6,0%,15.5
wonder book read online,0,6,0%,15.5
wonder book to read online,0,6,0%,16.17
interactive book for toddlers,0,6,0%,16.67
wonder-reader,0,6,0%,18
wonder book free read,0,6,0%,18.17
free kids stories,0,6,0%,19.17
read wonder,0,6,0%,19.67
interactieve verhalen,0,6,0%,19.83
interactive picture book,0,6,0%,20
online interactive story games,0,6,0%,22.5
best interactive books for 5 year olds,0,6,0%,23
books to read for kids online,0,6,0%,23.33
storybook reader,0,6,0%,26.5
online storybook,0,6,0%,26.83
wonder free,0,6,0%,27.83
interactive fiction book,0,6,0%,30
e story book,0,6,0%,30.17
free online kid books,0,6,0%,32.5
book story online,0,6,0%,33.17
online story to read,0,6,0%,36.83
kindergarten books to read online free,0,6,0%,39
reader books games,0,6,0%,39.17
books for kids online free,0,6,0%,40.5
free online books for kids to read,0,6,0%,40.5
free childrens stories online,0,6,0%,41
online storybook reading,0,6,0%,42.17
free online childrens stories,0,6,0%,42.67
read story books,0,6,0%,42.83
story online reading free,0,6,0%,44.17
what are interactive books,0,6,0%,44.33
story book,0,6,0%,45.17
pre k reading books online free,0,6,0%,45.5
interactive read aloud books,0,6,0%,47.33
free reading for kids,0,6,0%,49.67
children's picture books online,0,6,0%,50.83
online stories for reading,0,6,0%,51
ebook for kids,0,6,0%,51.17
read story books online,0,6,0%,51.17
story book to read online free,0,6,0%,51.17
read kids books online free,0,6,0%,52.33
online free stories,0,6,0%,52.83
kindergarten books free online,0,6,0%,53.17
reading story online,0,6,0%,53.33
storybooks online free,0,6,0%,54.17
wonder gratis,0,6,0%,54.33
children's story book online,0,6,0%,55
easy books online,0,6,0%,55
stories for free,0,6,0%,57.5
online books kids,0,6,0%,57.67
online stories for free,0,6,0%,57.83
free online kindergarten books,0,6,0%,58.17
stories reading online,0,6,0%,58.17
stories on line,0,6,0%,59.17
story to read online,0,6,0%,59.17
read free stories online,0,6,0%,59.33
read a story online free,0,6,0%,61.5
story read online,0,6,0%,63
free stories to read online,0,6,0%,63.17
story online read,0,6,0%,63.33
online reading kids,0,6,0%,63.5
online story online,0,6,0%,68.83
online baby books,0,6,0%,70.33
read children's book online,0,6,0%,71
storylines epub,0,6,0%,83.67
animation books,0,5,0%,1
book quizzes online free,0,5,0%,1
books for 3rd graders boy,0,5,0%,1
"""com.mpath.wonderstories""",0,5,0%,2
"""explores liverpool"" fox children's book",0,5,0%,2
animated children books,0,5,0%,2
"""interactive books"" ""playful media"" 2006",0,5,0%,3.4
free kids stories to read online,0,5,0%,3.4
story books to read online free for kids,0,5,0%,3.6
animated storybooks,0,5,0%,3.8
interative book,0,5,0%,4
books read online for kids,0,5,0%,4.8
kids story books to read online free,0,5,0%,6
"""david zeb cook"" children's book",0,5,0%,7.2
wonder online reading,0,5,0%,7.4
3д книги для детей,0,5,0%,7.8
cuentos interactivos,0,5,0%,8.2
interactive reading lists online,0,5,0%,8.2
electronic stories,0,5,0%,9.8
engaging short stories for 8 year olds,0,5,0%,9.8
interactive personalized books teaching life skills,0,5,0%,9.8
wonder story book,0,5,0%,10.8
free online ar books,0,5,0%,14.4
wonder book kids,0,5,0%,14.8
children story online,0,5,0%,15.4
interactive ebook app,0,5,0%,15.4
interactive children’s book,0,5,0%,16.4
interactive e-book,0,5,0%,16.6
free online story book,0,5,0%,18
interactive adventure books,0,5,0%,19.8
what would you play? read online,0,5,0%,21.6
best interactive books for adults,0,5,0%,23.8
interaktif hikayeler,0,5,0%,26.4
interactive gamebooks,0,5,0%,27
online stories for toddlers,0,5,0%,29.6
read and wonder books,0,5,0%,29.6
books for toddlers online,0,5,0%,31.8
free kids books to read online,0,5,0%,32.8
online children stories,0,5,0%,33.8
story book reading online,0,5,0%,34
books online kids,0,5,0%,34.2
online book stories,0,5,0%,34.6
toddler interactive books,0,5,0%,34.8
story reading for kids,0,5,0%,35
interactive storybook series 1,0,5,0%,36.4
kindergarten stories online,0,5,0%,37.4
kids book to read online,0,5,0%,37.8
read online story,0,5,0%,37.8
read childrens book online,0,5,0%,38.2
kids books free online,0,5,0%,38.4
online books with pictures,0,5,0%,38.8
free picture books online,0,5,0%,39.6
children s book online,0,5,0%,40.6
wonder book,0,5,0%,41.4
interactive story for adults,0,5,0%,41.6
online stories books,0,5,0%,42.4
books to read online for kids free,0,5,0%,43.6
free storybooks,0,5,0%,44.2
free ebooks for kindergarten,0,5,0%,45
reading children's books online,0,5,0%,45.6
free online children books,0,5,0%,46
interactive fiction app,0,5,0%,47
children books to read online,0,5,0%,48.4
story books for kids online,0,5,0%,48.6
online books for babies,0,5,0%,49
ebooks stories,0,5,0%,49.6
children stories online free,0,5,0%,49.8
online reading for kids free,0,5,0%,50.2
childrens books read online,0,5,0%,50.4
read free kids books online,0,5,0%,50.8
story online for free,0,5,0%,51.4
story online to read,0,5,0%,51.4
online kids book,0,5,0%,51.8
free baby books online,0,5,0%,53.2
story books free,0,5,0%,53.4
story free online,0,5,0%,53.8
kids+books+online,0,5,0%,54.4
story book online reading,0,5,0%,55
free infant books online,0,5,0%,55.4
story online games,0,5,0%,55.4
reading for kids online free,0,5,0%,55.8
read children books online free,0,5,0%,56
free childrens book,0,5,0%,56.6
free book apps for kids,0,5,0%,57
online children's books to read,0,5,0%,57.4
story books read online,0,5,0%,58.2
free reading stories online,0,5,0%,59.4
kids free book,0,5,0%,59.4
kid books online,0,5,0%,59.8
reading books to read online,0,5,0%,60.6
children's books read online,0,5,0%,61
children s books online,0,5,0%,62.2
online book for reading,0,5,0%,63.6
read free books online for kids,0,5,0%,65.4
storytelling app for kids,0,5,0%,65.6
free picture books,0,5,0%,66.4
children books online to read,0,5,0%,66.8
free children's books to read online,0,5,0%,68.6
free reading for children,0,5,0%,69.4
books for babies online,0,5,0%,73.4
free books to read for kids,0,5,0%,74.2
watch stories online,0,5,0%,76.4
interactive workbooks,0,5,0%,78.2
online reading activities for kids,0,5,0%,80.4
animated childrens book,0,4,0%,1
animated picture books,0,4,0%,1
free book quizzes online,0,4,0%,1
graphic novels for early readers,0,4,0%,1
interactive ebook example,0,4,0%,1
narrative reading comprehension,0,4,0%,1
storybook experience,0,4,0%,1
fiction express,0,4,0%,1.25
interactive books for 9 year olds,0,4,0%,1.25
kids animated books,0,4,0%,1.25
best interactive board books for toddlers,0,4,0%,1.5
kids first chapter books,0,4,0%,1.5
stories to read online free for kids,0,4,0%,1.5
"what are the most popular and affordable interactive story options for kids 
and adults in india?",0,4,0%,1.5
"""children's book"" 2015 ""role-playing""",0,4,0%,2
"""interactive books"" 2006 hillsdale nj",0,4,0%,2
διαδραστικα βιβλια,0,4,0%,2
book to read for kids online,0,4,0%,2.25
adhd story book kids,0,4,0%,3.25
"""story dictation"" preschool intervention bound books",0,4,0%,3.75
free online story books to read,0,4,0%,4.25
where to get sci-fi ebooks with enhanced content?,0,4,0%,4.25
easy kid books to read online,0,4,0%,4.75
interactive story free,0,4,0%,5.75
kids interactive story,0,4,0%,6
an interactive recipe book,0,4,0%,6.25
admired: interactive reading and writing book,0,4,0%,6.5
wonder,0,4,0%,6.5
yes,0,4,0%,7.25
wonder free online book,0,4,0%,7.5
digital activity book,0,4,0%,7.75
play a sound books,0,4,0%,8.5
disney read along books,0,4,0%,10
my first sound book,0,4,0%,10
read wonder online,0,4,0%,10
interactive story books for toddlers,0,4,0%,11
game rubric,0,4,0%,11.5
interactive book for 5 year old,0,4,0%,12.75
online story for kids,0,4,0%,12.75
interactive story books for babies,0,4,0%,13.5
what is an interactive book,0,4,0%,14.75
animated story books online,0,4,0%,17
childrens interactive book,0,4,0%,17.25
interactive book pdf,0,4,0%,18.5
free storytelling apps,0,4,0%,19.25
interactive activity books,0,4,0%,20.25
wonders books,0,4,0%,22.75
free toddler books online,0,4,0%,24.25
interactive reading websites,0,4,0%,24.25
online story free,0,4,0%,24.5
free book games,0,4,0%,27
read story book online,0,4,0%,32
free kids story books,0,4,0%,32.25
youth books online,0,4,0%,32.25
children's toy stories ebooks,0,4,0%,33
free online story books for kindergarten,0,4,0%,33.5
interactive audiobooks,0,4,0%,33.5
wonderbook website,0,4,0%,33.75
story book online reading free,0,4,0%,34
interactive story games free,0,4,0%,34.25
website with stories,0,4,0%,34.75
book online for kids,0,4,0%,35.25
read picture books online,0,4,0%,36.25
online free books for kids,0,4,0%,37.5
story book reader,0,4,0%,37.5
online books for toddlers,0,4,0%,37.75
online picture books free,0,4,0%,38
interactive web stories,0,4,0%,40.75
online story books for free,0,4,0%,44.25
stories free download,0,4,0%,44.25
free online books for kindergarten,0,4,0%,44.5
kindergarten reading books online free,0,4,0%,44.5
children's storybooks online,0,4,0%,45
free childrens books to read online,0,4,0%,45.5
free chapter books,0,4,0%,46
online reading for kindergarten,0,4,0%,46.25
childrens book to read online,0,4,0%,46.5
free online childrens book,0,4,0%,46.5
kids online books,0,4,0%,46.75
stories online read,0,4,0%,46.75
interactive read alouds for kindergarten,0,4,0%,47
picture book online free,0,4,0%,48.25
children's stories free online,0,4,0%,49
stories online reading,0,4,0%,49
free books online for kids to read,0,4,0%,49.25
free kindergarten books online,0,4,0%,49.25
free online picture books,0,4,0%,49.25
wonder activity book,0,4,0%,49.25
read children books online,0,4,0%,49.5
wanderful interactive storybooks,0,4,0%,50
free children's books download,0,4,0%,50.5
story books online to read,0,4,0%,51.25
kindergarten online books,0,4,0%,53.25
read children s books online,0,4,0%,53.5
web book free,0,4,0%,53.5
e-books for children,0,4,0%,54
books online free for kids,0,4,0%,54.5
children's story online,0,4,0%,56.5
childrens online library,0,4,0%,56.75
interactive ebook platform,0,4,0%,56.75
children book online,0,4,0%,57
free book for kids,0,4,0%,57
children reading books online,0,4,0%,57.25
free online books for 5th graders,0,4,0%,57.5
ebook story,0,4,0%,58.75
pdf story books,0,4,0%,58.75
children books online free,0,4,0%,59
reading books free,0,4,0%,59
interactive fiction stories,0,4,0%,59.5
free online children's stories,0,4,0%,60.75
stories online online,0,4,0%,61
story book to read online,0,4,0%,61
free kid books,0,4,0%,61.25
childrens books free online,0,4,0%,61.75
reading online stories,0,4,0%,62
reading books online to read,0,4,0%,62.25
free stories read online,0,4,0%,62.5
free kids book apps,0,4,0%,63
free story book,0,4,0%,63.5
how to read stories online,0,4,0%,63.5
read story online free,0,4,0%,63.5
online children book,0,4,0%,63.75
reading book free online,0,4,0%,63.75
free children's picture books,0,4,0%,64.75
digital storytelling for kids,0,4,0%,65.5
interactive story game online,0,4,0%,66.5
the wonders pdf free download,0,4,0%,66.5
online books free for kids,0,4,0%,68
reading stories online free,0,4,0%,68.25
childrens online books,0,4,0%,70.25
free online books for 12 year olds,0,4,0%,70.5
free story reading,0,4,0%,70.5
short stories for kindergarteners to read online,0,4,0%,71.75
free children books online,0,4,0%,74.5
free story to read online,0,4,0%,74.75
online story teller,0,4,0%,76.75
interactive storytelling classes for kids,0,4,0%,79.25
reading books free online,0,4,0%,80.25
free digital books for children,0,4,0%,91
animated reading book,0,3,0%,1
books with quizzes,0,3,0%,1
cuento interactivo,0,3,0%,1
free adventure books,0,3,0%,1
game books for kids,0,3,0%,1
interactive audiobook,0,3,0%,1
interactive text,0,3,0%,1
is the wonder app free,0,3,0%,1
online games book,0,3,0%,1
story reader for kids,0,3,0%,1
story time for kids,0,3,0%,1
storybook app free,0,3,0%,1
storytime for kids,0,3,0%,1
smart tales,0,3,0%,1.33
storybook on line,0,3,0%,1.33
screen smart children read online,0,3,0%,1.67
"""dictate stories"" preschool literacy intervention bound books",0,3,0%,2
best interactive story apps,0,3,0%,2
digital stories for kids,0,3,0%,2
game book for kids,0,3,0%,2
διαδραστικά βιβλία γ δημοτικού,0,3,0%,2
"""rent me"" chapters interactive stories",0,3,0%,2.33
interactive activity book,0,3,0%,2.33
livre interactif enfant,0,3,0%,3
high interest short stories for middle school,0,3,0%,3.33
online children books to read,0,3,0%,3.33
wonder reading,0,3,0%,3.33
interactive story buddy,0,3,0%,3.67
cerita interaktif,0,3,0%,4.33
cuentos interactivos hechos a mano,0,3,0%,4.33
€12 storytelling book community,0,3,0%,4.33
electronic storybook,0,3,0%,4.67
free kids stories to read,0,3,0%,4.67
h5p interactive book,0,3,0%,4.67
interactief voorleesboek,0,3,0%,4.67
interactive game book,0,3,0%,4.67
story book online for kids,0,3,0%,5
cuento interactivo para niños,0,3,0%,5.33
interactivebook,0,3,0%,5.67
"""admired: interactive reading and writing"" book",0,3,0%,6
3d books for kids,0,3,0%,6
libros interactivos,0,3,0%,6
interactive story kids,0,3,0%,6.33
interactivestory,0,3,0%,6.33
interactive storytelling children,0,3,0%,7
pathbooks interactive stories,0,3,0%,7
story reading app for free,0,3,0%,7.67
interactive books: playful media before pop-ups hillsdale nj 2006,0,3,0%,8.33
best storybook apps free,0,3,0%,8.67
engaging stories for 8-year-olds,0,3,0%,9.33
interactive mystery read-alongs with puzzles,0,3,0%,9.33
interactive mystery read-alongs with puzzles leader,0,3,0%,9.67
story apps free,0,3,0%,9.67
storybook online for kids,0,3,0%,9.67
wonder online read,0,3,0%,9.67
"interactive books: playful media before pop-ups routledge 2018 jacqueline 
reid-walsh",0,3,0%,10.33
let's story e-book platform,0,3,0%,10.67
interactive fiction books online,0,3,0%,11.33
interactive story app,0,3,0%,12
kindle interactive books,0,3,0%,12
playable books,0,3,0%,12
preschool interactive books,0,3,0%,12.33
online story reading app,0,3,0%,12.67
stories for 3 year olds to read online,0,3,0%,12.67
interactive stories games online,0,3,0%,17.67